id,제목,주관기관,링크,신청주체,나이상한,분야,지역,접수시작,접수마감,접수시기(매년),대상설명,메모
arko-visual,시각예술 창작산실,한국문화예술위원회,https://www.arko.or.kr/content/5742,개인 단체,,시각,전국,,,9 10,개인 · 단체,매년 9–10월 정기공모
arko-youth,청년예술가도약지원,한국문화예술위원회,https://www.arko.or.kr/content/5756,개인,34,전체,전국,,,9 10,개인 (만 34세 이하),매년 9–10월 정기공모
arko-pre,예술단체의 예비예술인 현장발표지원,한국문화예술위원회,https://thearts.arko.or.kr/pre-artist/,단체,,전체,전국,,,9 10,단체 (발표 경력 없는 청년 참여),정기공모
arko-crowd,크라우드펀딩 챌린지,한국문화예술위원회,https://www.arko.or.kr/supp/content/4091,개인 단체,,전체,전국,,,1 2 3 4 5 6 7 8 9 10 11 12,개인 · 단체,연중 차수별 접수
kawf-yesul,예술인 파견지원 「예술로」,한국예술인복지재단,https://goartist.kawfartist.kr/,개인 단체,,전체,전국,,,1 2 3,예술인 · 기업 · 기관,매년 1–3월
kawf-prep,창작준비금 지원,한국예술인복지재단,https://www.kawf.kr,개인,,전체,전국,,,,개인 (예술활동증명 완료),매년 공고 확인
kawf-proof,예술활동증명,한국예술인복지재단,https://www.kawfartist.kr/,개인,,전체,전국,,,1 2 3 4 5 6 7 8 9 10 11 12,개인,상시 신청
arte-studio,꿈의 스튜디오,한국문화예술교육진흥원,https://arte.or.kr,단체,,시각 교육,전국,,,3 4,공공기관 · 비영리단체,2026년 3–4월 공모
arte-life,생활밀착형 문화예술교육,한국문화예술교육진흥원,https://arte.or.kr,단체,,교육,전국,,,2 3,민간 문화예술단체,2026년 2–3월 공모
mecenat,예술지원 매칭펀드,한국메세나협회,https://www.mecenat.or.kr,단체,,전체,전국,,,3,예술단체 (기업 후원 연계),차수별 모집 (1차 3월)
gokams,미술 유통 · 아트페어 지원,예술경영지원센터,https://www.gokams.or.kr/02_apply/introduction.aspx,개인 단체,,시각,전국,,,,작가 · 단체 · 화랑,사업별 공고
ncas,지역 문화예술지원 정시공모,광역 문화재단 (국가문화예술지원시스템),https://www.ncas.or.kr,개인 단체,,전체,시도,,,12 1,해당 지역 예술인 · 단체,매년 12–1월
gangjin,강진군 문화예술진흥기금,강진군,https://www.gangjin.go.kr,단체,,전체,강진,,,1,법인 · 단체,매년 1월
kocca,콘텐츠 지원사업 공고,한국콘텐츠진흥원,https://www.kocca.kr,개인 단체,,콘텐츠,전국,,,,개인 · 기업,사업별 공고
