지부,시도,유형,이름,주소,대관료,연락처,링크,메모,위도,경도
서경,서울,전시공간,국립현대미술관 서울,서울시 종로구 삼청로 30(소격동),,02-3701-9500,https://www.mmca.go.kr/,"시설대관·복제신청 메뉴 있음",,
서경,서울,전시공간,국립현대미술관 덕수궁,"서울시 중구 세종대로 99(정동), 덕수궁 내",,02-2022-0600,https://www.mmca.go.kr/,,,
서경,경기,전시공간,국립현대미술관 과천,경기도 과천시 광명로 313(막계동),,02-2188-6000,https://www.mmca.go.kr/,,,
서경,서울,레지던시,국립현대미술관 창동레지던시,서울시 도봉구 덕릉로 257,,02-995-0995,https://www.mmca.go.kr/artStudio/artStudioMain.do,"입주작가·연구자 공모로 선발",,
서경,경기,레지던시,국립현대미술관 고양레지던시,경기도 고양시 덕양구 고골길 59-35(관산동 656),,031-962-0070,https://www.mmca.go.kr/artStudio/artStudioMain.do,"입주작가·연구자 공모로 선발",,
서경,서울,전시공간,서울시립미술관 서소문본관,서울시 중구 덕수궁길 61(서소문동),,02-2124-8800,https://sema.seoul.go.kr/kr/visit/seosomun,"난지미술창작스튜디오(레지던시)도 운영",,
서경,경기,전시공간,경기도미술관,경기도 안산시 단원구 동산로 268(초지동),,031-481-7000,https://gmoma.ggcf.kr/,,,
서경,인천,레지던시,인천아트플랫폼,인천광역시 제물포구 제물량로218번길 3(해안동 1가),,032-760-1000,https://www.inartplatform.kr/,"인천문화재단 운영 · 입주작가 공모",,
서경,서울,공공지원기관,서울문화재단,서울특별시 동대문구 청계천로 517,,02-3290-7000,https://www.sfac.or.kr/,"서울 예술인 지원사업 · 창작공간 운영",,
서경,경기,공공지원기관,경기문화재단,경기도 수원시 팔달구 인계로 178,,031-231-7200,https://www.ggcf.kr/,"경기 예술인 지원사업",,
서경,강원,공공지원기관,강원문화재단,강원특별자치도 춘천시 안마산로 85 한숲캐슬 4층,,033-240-1300,https://www.gwcf.or.kr/,"강원 예술인 지원사업",,
서경,서울,공공지원기관,한국예술인복지재단,서울특별시 중구 한강대로 416 서울스퀘어 3층,,02-3668-0200,https://www.kawf.kr/,"예술활동증명 · 창작준비금 (전국 대상)",,
서경,서울,공공지원기관,예술경영지원센터,서울시 종로구 대학로 57(연건동) 홍익대학교 대학로 캠퍼스 교육동 3층·12층,,02-708-2244,https://www.gokams.or.kr/,"공연·미술 시장 지원 (전국 대상)",,
영중,충북,전시공간,국립현대미술관 청주,충북 청주시 청원구 상당로 314(내덕2동 201-1),,043-261-1400,https://www.mmca.go.kr/,,,
영중,대구,전시공간,대구미술관,대구광역시 수성구 미술관로 40,,053-803-7700,https://daeguartmuseum.or.kr/,,,
영중,경남,전시공간,경남도립미술관,경상남도 창원시 의창구 용지로 296,,055-254-4600,https://www.gyeongnam.go.kr/gam/,,,
영중,대구,레지던시,대구예술발전소,대구광역시 중구 달성로22길 31-12(수창동),,053-430-5670,https://www.daeguartfactory.kr/,"전시실과 입주작가 스튜디오를 함께 운영",,
영중,대구,전시공간,수창청춘맨숀,대구광역시 중구 달성로22길 27,,053-430-5681,https://www.daeguartfactory.kr/,"대구예술발전소가 운영하는 청년예술 공간",,
영중,부산,공공지원기관,부산문화재단,부산광역시 남구 우암로 84-1(감만동),,051-744-7707,https://www.bscf.or.kr/,"부산 예술인 지원사업 · 홍티아트센터 등 창작공간 운영",,
영중,부산,대관공간,부산공연예술연습공간,부산광역시 남구 우암로 84-1 감만창의문화촌 5층,,,https://pspace.bscf.or.kr/pspace/main.do,"분기별 정기대관 공고 · 월~토 10:00~22:00 · 대관료는 공고문 확인",,
제전,광주,전시공간,국립아시아문화전당(ACC),전남광주통합특별시 동구 문화전당로 38,,,https://www.acc.go.kr/,"창제작센터 · 레지던시 공모도 운영",,
제전,전남,전시공간,전남도립미술관,전남광주통합특별시 광양시 광양읍 순광로 660,,061-760-3242,https://artmuseum.jeonnam.go.kr/,,,
제전,전북,전시공간,전북도립미술관,전북특별자치도 완주군 구이면 모악산길 111-6,,063-290-6888,https://www.jma.go.kr/,"서울관 별도 운영",,
제전,전남,공공지원기관,한국문화예술위원회(ARKO),전남광주통합특별시 나주시 빛가람로 640,,061-900-2100,https://www.arko.or.kr/,"국가 문예기금 지원사업 (전국 대상)",,
